Year,Sales,CAGR
2022,141.5091377,49%
2023,141.5091377,49%
2024,210.8486151,49%
2025,468.1050104,49%
2026,1548.467501,49%
2027,7632.154768,49%
2028,56050.37346,49%
2029,613332.7018,49%
2030,10000000,49%
